Metric,BoW,TF-IDF
Accuracy,0.83,0.8225
Precision,0.8367346938775511,0.8115942028985508
Recall,0.82,0.84
F1 Score,0.8282828282828283,0.8255528255528255
